artist;date;title;venue;city;link
Solomun;2026-06-13;Brunch présente Solomun in Paris;Hippodrome de Vincennes;Paris;https://ra.co/events/2376041
Solomun;2026-06-14;Solomun+1;Pacha Ibiza;Ibiza;https://ra.co/events/2386758
Solomun;2026-06-21;Solomun+1;Pacha Ibiza;Ibiza;https://ra.co/events/2386759
Solomun;2026-06-28;Solomun+1;Pacha Ibiza;Ibiza;https://ra.co/events/2386761
Solomun;2026-06-29;CircoLoco Ibiza - Week 10;DC-10;Ibiza;https://ra.co/events/2400951
Solomun;2026-07-03;KappaFuturFestival 2026;Parco Dora;Turin;https://ra.co/events/2329350
Solomun;2026-07-05;Solomun+1;Pacha Ibiza;Ibiza;https://ra.co/events/2386763
Solomun;2026-07-12;Solomun+1;Pacha Ibiza;Ibiza;https://ra.co/events/2386767
Solomun;2026-07-19;Solomun+1;Pacha Ibiza;Ibiza;https://ra.co/events/2386769
Solomun;2026-07-25;Love Family Park 2026;Rebstockpark;Frankfurt;https://ra.co/events/2229702
Solomun;2026-07-26;Solomun+1;Pacha Ibiza;Ibiza;https://ra.co/events/2386771
Solomun;2026-08-01;THE PARK;Hardturm Areal;Zurich;https://ra.co/events/2378244
Solomun;2026-08-02;Solomun+1;Pacha Ibiza;Ibiza;https://ra.co/events/2386772
Solomun;2026-08-09;Solomun+1;Pacha Ibiza;Ibiza;https://ra.co/events/2386774
Solomun;2026-08-16;Solomun+1;Pacha Ibiza;Ibiza;https://ra.co/events/2386776
Solomun;2026-08-18;Anyma presents ÆDEN;[UNVRS];Ibiza;https://ra.co/events/2375358
Solomun;2026-08-23;Solomun+1;Pacha Ibiza;Ibiza;https://ra.co/events/2386777
Solomun;2026-08-27;Lost Village 2026;Norton Disney;Midlands;https://ra.co/events/2353196
Solomun;2026-08-30;Solomun+1;Pacha Ibiza;Ibiza;https://ra.co/events/2386779
Solomun;2026-09-06;Solomun+1;Pacha Ibiza;Ibiza;https://ra.co/events/2386780
Bicep;2026-09-18;Making Time ∞;Fort Mifflin;Philadelphia;https://ra.co/events/2395557
Four Tet;2026-06-26;Four Tet - Parc Jean-Drapeau;Piknic Électronik / Parc Jean Drapeau;Montreal;https://ra.co/events/2407367
Four Tet;2026-08-08;krankbrother presents: Four Tet All Dayer;Finsbury Park;London;https://ra.co/events/2323058
Four Tet;2026-08-12;Boomtown Fair Chapter 5: Radical Redesign;Matterley Bowl;South + East;https://ra.co/events/2292225
Four Tet;2026-08-13;Way Out West;Slottsskogen;Gothenburg;https://ra.co/events/2442421
Four Tet;2026-09-17;Teksupport: Four Tet;Brooklyn Storehouse;New York City;https://ra.co/events/2420835
Four Tet;2026-09-26;Portola;TBA - Pier 80;San Francisco/Oakland;https://ra.co/events/2461250
Four Tet;2026-10-10;Head Trip Festival 2026;Empire Polo Club;Palm Springs;https://ra.co/events/2391434
Four Tet;2026-10-16;III Points 2026;Mana Wynwood;Miami;https://ra.co/events/2428241
Kolsch;2026-06-13;Watergate Open Air with Kölsch, Joëlla Jackson, JANE RYSE, Alyssa & Gia;SAGE;Berlin;https://ra.co/events/2391964
Kolsch;2026-06-20;elrow Ibiza;[UNVRS];Ibiza;https://ra.co/events/2365299
Kolsch;2026-07-03;LISB-ON 2026;Jardim Keil do Amaral;Lisbon;https://ra.co/events/2292304
Kolsch;2026-07-11;Gravity Beach Festival - Copenhagen;Amager Strandpark;Copenhagen;https://ra.co/events/2426726
Kolsch;2026-07-17;Sea You 'Beach Republic' 2026;TBA - TUNISEE;Freiburg;https://ra.co/events/2416757
Kolsch;2026-07-24;Tomorrowland W2;De Schorre;All;https://ra.co/events/2412317
Kolsch;2026-07-25;Complex Festival 2026 with Paul Kalkbrenner, Kölsch, Chris Stussy, Winson, MALUGI & many more;Complex Maastricht;All;https://ra.co/events/2354081
Kolsch;2026-08-07;Circle of Leaves Festival;Marbach-Stausee;Hesse;https://ra.co/events/2404373
Kolsch;2026-08-08;Loveland Festival 2026;Sloterpark;Amsterdam;https://ra.co/events/2302716
Kolsch;2026-08-28;HISTORICAL TALES WITH KÖLSCH;Budai Vár - Oroszlános Udvar;Budapest;https://ra.co/events/2431451
Kolsch;2026-08-29;ANTS;Ushuaïa Ibiza;Ibiza;https://ra.co/events/2370306
Kolsch;2026-09-04;WooMooN;Cova Santa;Ibiza;https://ra.co/events/2442229
Kolsch;2026-09-12;Le Jardin Electronique;TBA - Parc Urban de Lomme / Lille;North;https://ra.co/events/2426743
Kolsch;2026-09-14;Francis Mercier presents Solèy;Hï Ibiza;Ibiza;https://ra.co/events/2367184
Kolsch;2026-09-18;UNBROS Whispers of Ice: Argy, Miss Monique, Kölsch;Stadion Ondreja Nepelu;Bratislava;https://ra.co/events/2431471
Kolsch;2026-09-26;elrow Ibiza;[UNVRS];Ibiza;https://ra.co/events/2365334
Ben Böhmer;2026-06-12;What A View;Munchenbryggeriet;Stockholm;https://ra.co/events/2370928
Ben Böhmer;2026-06-28;Anyma presents ÆDEN with Mind Against, Ben Böhmer (Live), Woo York (Live) and many more;Silverworks Island;London;https://ra.co/events/2369436
Ben Böhmer;2026-07-01;BIG OPENING Brunch Ibiza X The Gardens of Babylon 01.07 / Ben Böhmer, Jan Blomqvist ;528 Ibiza;Ibiza;https://ra.co/events/2455800
Ben Böhmer;2026-07-02;Ben Böhmer (live) - Triennale Milano;Triennale di Milano;Milan;https://ra.co/events/2398177
Ben Böhmer;2026-07-03;Montreux Jazz Festival 2026 - Week 1;Montreux Music & Convention Center;All;https://ra.co/events/2407072
Ben Böhmer;2026-07-26;Ben Böhmer - PRAGUE / LIVE;Křižíkova Fountain;Prague;https://ra.co/events/2381872
Ben Böhmer;2026-08-01;Isle of Summer Festival Vienna;Donauinsel;Vienna;https://ra.co/events/2327122
Super Flu;2026-06-19;WooMooN;Cova Santa;Ibiza;https://ra.co/events/2442183
Super Flu;2026-06-21;Thé Dansant Nature;Plantentuin Meise;All;https://ra.co/events/2415331
Super Flu;2026-07-16;Luzern Live Electronic;KKL Lucerne;All;https://ra.co/events/2437317
Super Flu;2026-08-01;Super Flu (Open Air) - free entry until 7pm;Ritter Butzke;Berlin;https://ra.co/events/2401380
Super Flu;2026-10-02;WooMooN CLOSING PARTY;Cova Santa;Ibiza;https://ra.co/events/2442240
Super Flu;2026-10-17;Ritter Butzke X Herz&Seele;Fridas Pier;Stuttgart;https://ra.co/events/2439416
Super Flu;2026-10-23;Ritter Butzke & Casa ADE Cruise;Supperclub Cruise;Amsterdam;https://ra.co/events/2426450
Super Flu;2026-10-24;Ritter Butzke in Frankfurt (Main);Tanzhaus West;Frankfurt;https://ra.co/events/2428400
Serafina;2026-06-13;Waves Open Air 2026;Spaßbad Wedemark;Hannover;https://ra.co/events/2337646
Serafina;2026-06-18;OUTPUT OFF BCN 2026;Bosc Tancat / Diverbosc;Barcelona;https://ra.co/events/2453633
Serafina;2026-06-19;FACE 2 FACE BARCELONA: Serafina All Night Long - OFFBCN 26;Bosc Tancat / Diverbosc;Barcelona;https://ra.co/events/2319952
Serafina;2026-06-30;Joseph Capriati presents Metamorfosi Opening Party;Amnesia Ibiza;Ibiza;https://ra.co/events/2359520
Serafina;2026-07-10;Awakenings Festival 2026;Beekse Bergen;All;https://ra.co/events/2312934
Serafina;2026-07-12;VERKNIPT Croatia - Holiday Festival;Zrce Beach;All;https://ra.co/events/2303501
Serafina;2026-07-17;PAROOKAVILLE;Airport Weeze;North Rhine-Westphalia;https://ra.co/events/2329705
Serafina;2026-07-21;Joseph Capriati presents Metamorfosi;Amnesia Ibiza;Ibiza;https://ra.co/events/2359523
Serafina;2026-08-02;999999999, Somewhen, Serafina, CALLUSH;Hafen 49;Mannheim;https://ra.co/events/2441249
Serafina;2026-08-12;Glitch Festival 2026;Gianpula Village;All;https://ra.co/events/2329592
Serafina;2026-08-18;Joseph Capriati presents Metamorfosi;Amnesia Ibiza;Ibiza;https://ra.co/events/2359528
Serafina;2026-08-28;NIBIRII Festival 2026;Dürener Badesee;Cologne;https://ra.co/events/2408194
Serafina;2026-09-04;ARC Music Festival 2026;Union Park;Chicago;https://ra.co/events/2390938
Serafina;2026-09-05;AGAPĒ FESTIVAL;Industry City;New York City;https://ra.co/events/2427523
Serafina;2026-09-24;240KMH F2F Melbourne;Pica (Port Melbourne Industrial Centre for the Arts);Melbourne;https://ra.co/events/2430142
Serafina;2026-09-24;FACE 2 FACE: MELBOURNE;Pica (Port Melbourne Industrial Centre for the Arts);Melbourne;https://ra.co/events/2445692
Serafina;2026-12-05;AGAPĒ PRESENTS: Serafina - ALL NIGHT LONG;TBA - BROOKLYN NY;New York City;https://ra.co/events/2384560
Len Faki;2026-06-13;OURS OPEN AIR with Ellen Allien, Elli Acula, Gregor Tresher, Len Faki;Sparta Schwimmclub;Frankfurt;https://ra.co/events/2408179
Len Faki;2026-07-10;Audioriver 2026;Błonia Łódzkie;Lodz;https://ra.co/events/2264774
Len Faki;2026-07-16;Terminal V Croatia 2026;The Garden Tisno;All;https://ra.co/events/2325662
Len Faki;2026-07-19;Cocoon Amnesia Ibiza;Amnesia Ibiza;Ibiza;https://ra.co/events/2361290
Len Faki;2026-08-08;Else 13th Birthday Weekender: 40 hours nonstop;Else;Berlin;https://ra.co/events/2372751
Len Faki;2026-08-08;Choke Street Parade Afterparty;EXIL;Zurich;https://ra.co/events/2433765
Len Faki;2026-09-11;Voodoo Village 2026;TBA;Brussels;https://ra.co/events/2316185
Len Faki;2026-09-19;Phonox: Len Faki + Alba Heidari;Phonox;London;https://ra.co/events/2460158
Colin Benders;2026-06-17;DAAD Gathering 2026;Dádpuszta;All;https://ra.co/events/2297652
Colin Benders;2026-06-19;Dancity Festival 2026 - 20th Anniversary;Auditorium San Domenico;Central;https://ra.co/events/2377556
Colin Benders;2026-06-26;Hiss & Hertz w/ Colin Benders live, Akua, Estella Boersma & Stephanie Sykes;RSO.BERLIN;Berlin;https://ra.co/events/2440911
Colin Benders;2026-07-10;Stone Techno Festival 2026;Zeche Zollverein;Dortmund / Essen;https://ra.co/events/2244322
Colin Benders;2026-07-24;CLOSER Festival 2026;Bilo Polje, Livno;All;https://ra.co/events/2446534
Colin Benders;2026-07-29;Dekmantel Festival 2026;Amsterdamse Bos;Amsterdam;https://ra.co/events/2351984
Colin Benders;2026-08-01;Dekmantel Festival 2026 - Saturday;Amsterdamse Bos;Amsterdam;https://ra.co/events/2458162
Colin Benders;2026-08-14;XRDS festival 2026;Parc des Etangs/Vijverspark;Brussels;https://ra.co/events/2350920
Colin Benders;2026-08-29;Cluster Festival;Kabelfabriek;The Hague;https://ra.co/events/2380229
Colin Benders;2026-10-17;Supersanity invites Colin Benders;TBA - Secret Venue, Bucharest;Bucharest;https://ra.co/events/2401620
Beste Hira;2026-06-12;Club Vaag invites FENIM0RE & Beste Hira;Club Vaag;Antwerp;https://ra.co/events/2457970
Beste Hira;2026-06-13;Klubnacht;Berghain | Panorama Bar | Säule;Berlin;https://ra.co/events/2436489
Beste Hira;2026-06-20;Coma x SMUT w Stef Mendesidis live, Beste Hira, JERM;SMUT Athens;Athens;https://ra.co/events/2433761
Beste Hira;2026-06-27;Selectronic 8.0;Frankhan Selectist;Istanbul;https://ra.co/events/2429130
Beste Hira;2026-07-03;GABONSA Festival 2026;TBA - Golf Driving Ranch;All;https://ra.co/events/2417850
Beste Hira;2026-07-10;CROW with Kwartz + Beste Hira + Joton + SAINT SINNER;LAB theCLUB;Madrid;https://ra.co/events/2453385
Beste Hira;2026-07-17;WHOLE Festival 2026;Ferropolis;Leipzig;https://ra.co/events/2395156
Beste Hira;2026-07-18;Klubnacht;Berghain | Panorama Bar | Säule;Berlin;https://ra.co/events/2449871
Beste Hira;2026-07-31;Dekmantel Festival 2026 - Friday;Amsterdamse Bos;Amsterdam;https://ra.co/events/2444343
Beste Hira;2026-08-04;Summer Contrast Festival 2026;Summer Contrast Festival;All;https://ra.co/events/2348864
Beste Hira;2026-08-07;FOLD presents KEY VINYL (EXTENDED);FOLD;London;https://ra.co/events/2460456
Beste Hira;2026-10-03;GROOVE RUINE;Gotec;Karlsruhe;https://ra.co/events/2408247
Dom Dolla;2026-06-12;Dom Dolla;Hï Ibiza;Ibiza;https://ra.co/events/2367792
Dom Dolla;2026-06-18;Sónar 2026;Fira Gran Via;Barcelona;https://ra.co/events/2309886
Dom Dolla;2026-06-19;Dom Dolla;Hï Ibiza;Ibiza;https://ra.co/events/2367797
Dom Dolla;2026-06-26;Dom Dolla;Hï Ibiza;Ibiza;https://ra.co/events/2367799
Dom Dolla;2026-07-02;Fvded in the Park 2026 Discount code 'HUGS';Holland Park;Vancouver;https://ra.co/events/2403924
Dom Dolla;2026-07-03;FVDED In The Park 2026 - Promo Code 'RAVEFAM';Holland Park;Vancouver;https://ra.co/events/2403927
Dom Dolla;2026-07-03;Dom Dolla;Hï Ibiza;Ibiza;https://ra.co/events/2367800
Dom Dolla;2026-07-10;Dom Dolla;Hï Ibiza;Ibiza;https://ra.co/events/2367802
Dom Dolla;2026-07-17;Dom Dolla;Hï Ibiza;Ibiza;https://ra.co/events/2367803
Dom Dolla;2026-07-24;Dom Dolla;Hï Ibiza;Ibiza;https://ra.co/events/2367826
Dom Dolla;2026-07-31;Dom Dolla - Radio 1 Dance X Afterparty;Hï Ibiza;Ibiza;https://ra.co/events/2367830
Dom Dolla;2026-08-01;Dom Dolla on the Thames;Old Royal Naval College;London;https://ra.co/events/2353104
Dom Dolla;2026-08-07;Dom Dolla;Hï Ibiza;Ibiza;https://ra.co/events/2367832
Dom Dolla;2026-08-11;Sziget Festival 2026;Obudai Island;Budapest;https://ra.co/events/2322876
Dom Dolla;2026-08-14;Dom Dolla;Hï Ibiza;Ibiza;https://ra.co/events/2367833
Dom Dolla;2026-08-21;Dom Dolla;Hï Ibiza;Ibiza;https://ra.co/events/2367835
Dom Dolla;2026-08-28;Dom Dolla;Hï Ibiza;Ibiza;https://ra.co/events/2367837
Dom Dolla;2026-12-18;EDC Thailand 2026;TBA - Rhythm Park;All;https://ra.co/events/2466189
Moodymann;2026-06-12;Beyond The Pale;Glendalough Estate;Dublin;https://ra.co/events/2301801
Moodymann;2026-06-12;Beyond The Pale Festival - Subject presents Moodymann, Ben Klock, Miss Kittin & Sunil Sharpe;Glendalough House;All;https://ra.co/events/2449038
Moodymann;2026-06-13;WHO Nights · Le Baile Pop [OPENING];Teatro Pereyra;Ibiza;https://ra.co/events/2453341
Moodymann;2026-06-18;Detroit Slacker by Seth Troxler & Carl Craig;Seaseaclub Barcelona;Barcelona;https://ra.co/events/2324101
Moodymann;2026-06-19;DETROIT LOVE with Carl Craig, Mike Banks, Moodymann;BLITZ;Munich;https://ra.co/events/2448975
Moodymann;2026-06-23;PIKES PRESENTS X DETROIT LOVE;528 Ibiza;Ibiza;https://ra.co/events/2375093
Moodymann;2026-07-17;FUNKBOX NYC 18-Year Anniversary Day-Into-Night Marathon;Superior Ingredients;New York City;https://ra.co/events/2437940
Moodymann;2026-07-22;Polifonic Festival Puglia 2026;Valle D'itria;South;https://ra.co/events/2356369
Moodymann;2026-07-29;Defected Croatia 26 - One Last Dance;The Garden Tisno;All;https://ra.co/events/2362445
Moodymann;2026-08-07;Glitterbox;Amnesia Ibiza;Ibiza;https://ra.co/events/2353227
Moodymann;2026-08-09;LOVEDANCIN' Roller Jam;ZIK Zeit IST Knapp (Walter-Schreiber-Platz 1);Berlin;https://ra.co/events/2446666
Moodymann;2026-09-11;Moodymann, Sofia;The Purgatory;Sofia;https://ra.co/events/2398880
Moodymann;2026-09-12;Dissonanze Festival;Auditorium Parco della Musica;Rome;https://ra.co/events/2403632
Moodymann;2026-10-30;Overmono presents Pure Devotion - World Tour, Manchester;Depot Mayfield;Manchester;https://ra.co/events/2445998
Young Marco;2026-06-12;Young Marco;VENT;Tokyo;https://ra.co/events/2449860
Young Marco;2026-06-13;Young Marco (NL);Modeci;Seoul;https://ra.co/events/2457933
Young Marco;2026-06-19;27 Years Robert Johnson Friday Robert Johnson;Robert Johnson;Hesse;https://ra.co/events/2463687
Young Marco;2026-06-20;(LAST 100 TICKETS) Output pres. ANOTR - OFFBCN 26;Bosc Tancat / Diverbosc;Barcelona;https://ra.co/events/2344354
Young Marco;2026-06-26;Lago Lago 2026;Stroombroek, Braamt;All;https://ra.co/events/2300438
Young Marco;2026-07-04;Phonox x MOT Open Air: Young Marco, S-candalo (THC x DHC), Jennifer Loveless - Day & Night;Phonox;London;https://ra.co/events/2414655
Young Marco;2026-07-10;Peacock Society 2026;Hippodrome de Vincennes;Paris;https://ra.co/events/2420483
Young Marco;2026-07-17;CORE x Tomorrowland;De Schorre;All;https://ra.co/events/2409448
Young Marco;2026-07-20;Circoloco Ibiza - The XXVII Anniversary;DC-10;Ibiza;https://ra.co/events/2400958
Young Marco;2026-07-25;Orbit Festival 2026;Fort Vechten;Utrecht;https://ra.co/events/2357461
Young Marco;2026-08-14;Lovefest 2026 - Weekend 2;City Park Lake;All;https://ra.co/events/2422593
Young Marco;2026-08-20;Dekmantel Selectors 2026;The Garden Tisno;All;https://ra.co/events/2292112
Young Marco;2026-09-04;CamelPhat presents Summer of Love;Hï Ibiza;Ibiza;https://ra.co/events/2371039
Job Jobse;2026-06-20;KANELLO with Job Jobse, Courtesy, fka.m4a;Dockland;Münster;https://ra.co/events/2364558
Job Jobse;2026-06-21;Job Jobse at the beach [sold out];Woodstock'69;Amsterdam;https://ra.co/events/2454662
Job Jobse;2026-06-22;CircoLoco Ibiza - Week 9;DC-10;Ibiza;https://ra.co/events/2400948
Job Jobse;2026-06-26;Paradise City Festival 2026;TBA - Paradise City Festival;Brussels;https://ra.co/events/2339461
Job Jobse;2026-07-08;Love International 2026;The Garden Tisno;All;https://ra.co/events/2291895
Job Jobse;2026-07-12;Summer Season Opening Brunch Electronik Barcelona / Laurent Garnier, Job Jobse, Roi Perez y más;Parc de la Trinitat;Barcelona;https://ra.co/events/2450200
Job Jobse;2026-08-02;Dekmantel Festival 2026 - Sunday;Amsterdamse Bos;Amsterdam;https://ra.co/events/2458255
Job Jobse;2026-08-08;Maiden Voyage Festival 2026;Burgess Park;London;https://ra.co/events/2236226
Job Jobse;2026-08-14;WECANDANCE 2026;Zeebrugge Beach;All;https://ra.co/events/2318797
Job Jobse;2026-08-28;Else x Job Jobse invites;Else;Berlin;https://ra.co/events/2403796
Job Jobse;2026-09-19;Intercell Groningen;De Toekomst;All;https://ra.co/events/2465223
Job Jobse;2026-10-23;GASHOUDER presents: Job Jobse;GASHOUDER;Amsterdam;https://ra.co/events/2442640
Jyoty;2026-07-10;Wildeburg 2026;Netl, Kraggenburg;All;https://ra.co/events/2230598
Jyoty;2026-10-10;Interplanetary Criminal presents;Depot Mayfield;Manchester;https://ra.co/events/2425980
Indira Paganotto;2026-06-13;Indira Paganotto I Sat June 13;Bolivar Beach Bar;Athens;https://ra.co/events/2367725
Indira Paganotto;2026-06-13;Sophie Grand Opening - Indira Paganotto, Hector Oaks, Avalon Emerson, Helena Hauff;Sophie Festival;Malaga;https://ra.co/events/2392626
Indira Paganotto;2026-06-14;MESTIZA;Hï Ibiza;Ibiza;https://ra.co/events/2366979
Indira Paganotto;2026-06-19;OFFSónar 2026 Adriatique presents X;Poble Espanyol;Barcelona;https://ra.co/events/2371076
Indira Paganotto;2026-06-21;MESTIZA;Hï Ibiza;Ibiza;https://ra.co/events/2366984
Indira Paganotto;2026-06-28;MESTIZA;Hï Ibiza;Ibiza;https://ra.co/events/2366986
Indira Paganotto;2026-07-05;CamelPhat present Summer of Love;Hï Ibiza;Ibiza;https://ra.co/events/2417984
Indira Paganotto;2026-07-12;CamelPhat present Summer of Love;Hï Ibiza;Ibiza;https://ra.co/events/2418293
Indira Paganotto;2026-07-19;CamelPhat present Summer of Love;Hï Ibiza;Ibiza;https://ra.co/events/2418295
Indira Paganotto;2026-07-26;CamelPhat present Summer of Love;Hï Ibiza;Ibiza;https://ra.co/events/2418297
Indira Paganotto;2026-08-01;Indira Paganotto, Valentinø, Byorn, Paquita Gordon;Cocoricò;North;https://ra.co/events/2435830
Indira Paganotto;2026-08-02;CamelPhat present Summer of Love;Hï Ibiza;Ibiza;https://ra.co/events/2418299
Indira Paganotto;2026-08-06;ANTIPOP – 20 YEARS OF NEOPOP FESTIVAL;Forte Santiago da Barra;All;https://ra.co/events/2398051
Indira Paganotto;2026-08-09;CamelPhat present Summer of Love;Hï Ibiza;Ibiza;https://ra.co/events/2418300
Indira Paganotto;2026-08-16;CamelPhat present Summer of Love;Hï Ibiza;Ibiza;https://ra.co/events/2418302
Indira Paganotto;2026-08-21;COCORICÒ PRES GALACTICA MALTA;UNO MALTA;All;https://ra.co/events/2390274
Loco Dice;2026-06-13;Loco Dice - HONI BEACH CLUB;TBA - Honi Beach Club - Póvoa de Varzim;Porto;https://ra.co/events/2463551
Loco Dice;2026-06-19;Marco Carola PRESENTS MUSIC ON;Pacha Ibiza;Ibiza;https://ra.co/events/2408427
Loco Dice;2026-06-20;Output pres. NOW HERE with Paco Osuna, Loco Dice, Ilario Alicante - OFFBCN 26;Bosc Tancat / Diverbosc;Barcelona;https://ra.co/events/2344348
Loco Dice;2026-06-21;Sunflower (Club del Diavolo);Tenuta La Querciola;Central;https://ra.co/events/2463833
Loco Dice;2026-06-27;Loco Dice & Harvy Valencia;Club Space Miami;Miami;https://ra.co/events/2444625
Loco Dice;2026-07-04;Black Coffee;Hï Ibiza;Ibiza;https://ra.co/events/2365641
Loco Dice;2026-08-06;FISHER;[UNVRS];Ibiza;https://ra.co/events/2365282
Loco Dice;2026-08-08;Loco Dice takeover;Cocoricò;North;https://ra.co/events/2455938
Loco Dice;2026-08-12;Jamie Jones Paradise;[UNVRS];Ibiza;https://ra.co/events/2365355
Loco Dice;2026-08-21;Seth Troxler, Loco Dice and Victor Calderone;Pacha New York;New York City;https://ra.co/events/2449310
Loco Dice;2026-08-30;Day Trip In The Park LA: Loco Dice, Archie Hamilton;Los Angeles State Historic Park;Los Angeles;https://ra.co/events/2436979
Loco Dice;2026-09-05;Carl Cox - Lisbon 2026;TBA - Lisbon Open Air;Lisbon;https://ra.co/events/2390704
Loco Dice;2026-09-18;Time Warp Spain 2026;IFEMA;Madrid;https://ra.co/events/2353326
Loco Dice;2026-09-18;Time Warp Spain 2026;IFEMA;Madrid;https://ra.co/events/2427857
Loco Dice;2026-09-19;Carl Cox Invites Loco Dice, Nic Fanciulli, Chelina Manuhutu & Jon Rundell;Carroponte;Milan;https://ra.co/events/2415052
Loco Dice;2026-09-20;Carl Cox;[UNVRS];Ibiza;https://ra.co/events/2365518
Loco Dice;2026-09-30;Jamie Jones Paradise;[UNVRS];Ibiza;https://ra.co/events/2365374
Maceo Plex;2026-06-11;Maceo Plex;Loo Loo;Mexico City;https://ra.co/events/2461211
Maceo Plex;2026-06-12;Nü Androids presents: Maceo Plex X DJ Tennis;A.i Warehouse;Washington DC;https://ra.co/events/2411805
Maceo Plex;2026-06-13;Life and Death: Maceo Plex (live), DJ Tennis, MUSCLECARS, Danny Daze, Andi & Arvin T;Knockdown Center;New York City;https://ra.co/events/2404681
Maceo Plex;2026-06-18;OFFSónar 2026 Lone Romantic by Maceo Plex;Poble Espanyol;Barcelona;https://ra.co/events/2370951
Maceo Plex;2026-06-20;ANTS;Ushuaïa Ibiza;Ibiza;https://ra.co/events/2370287
Maceo Plex;2026-06-26;UNO x IN ACT: Maceo Plex;UNO MALTA;All;https://ra.co/events/2429080
Maceo Plex;2026-06-27;Studio Club Invites: Maceo Plex;Studio Club Malaga;Malaga;https://ra.co/events/2455403
Maceo Plex;2026-07-03;Maceo Plex;Hangar;All;https://ra.co/events/2448211
Maceo Plex;2026-07-11;HOPE pres: Beach Party with Maceo Plex;Hola Club Sitges (Cala Vallcarca);Barcelona;https://ra.co/events/2431781
Maceo Plex;2026-07-18;Maceo Plex I Marcel Dettmann I Sat July 18;Bolivar Beach Bar;Athens;https://ra.co/events/2391319
Maceo Plex;2026-07-19;Carl Cox;[UNVRS];Ibiza;https://ra.co/events/2365499
Maceo Plex;2026-07-25;Maceo Plex - Ame Dj - Fedele - Julya Karma;Ulia;South;https://ra.co/events/2436639
Maceo Plex;2026-08-01;HARD Summer 2026;TBA - Hollywood Park adjacent to SoFi Stadium;Los Angeles;https://ra.co/events/2378909
Maceo Plex;2026-08-05;Resistance Ibiza;Amnesia Ibiza;Ibiza;https://ra.co/events/2384271
Maceo Plex;2026-08-07;LES PLAGES ELECTRONIQUES 2026;Plage Du Palais Des Festivals;French Riviera;https://ra.co/events/2342023
Maceo Plex;2026-08-15;House of Rave with Maceo Plex;Ritter Butzke;Berlin;https://ra.co/events/2409354
Maceo Plex;2026-08-15;Ritter Butzke x House of Rave Float at Rave the Planet;Straße des 17. Juni;Berlin;https://ra.co/events/2421751
Maceo Plex;2026-08-22;Maceo Plex - Mono Hall Batumi;TBA - MONO HALL;Batumi;https://ra.co/events/2413501
Maceo Plex;2026-08-27;FISHER;[UNVRS];Ibiza;https://ra.co/events/2365290
Bart Skils;2026-06-12;Drumcode 30 AÑOS;Chamorro Entertaiment City Hall;Bogotá;https://ra.co/events/2440476
Bart Skils;2026-06-19;Joris Voorn pres SPECTRUM OFF BCN 2026;INPUT High Fidelity Dance Club;Barcelona;https://ra.co/events/2346846
Bart Skils;2026-06-20;Bart Skils at EXE BEACH I SEASON OPENING;EXE Beach Bar;All;https://ra.co/events/2457048
Bart Skils;2026-06-25;JULY MORNING WEEK at EXE BEACH;EXE Beach Bar;All;https://ra.co/events/2431499
Bart Skils;2026-07-10;Beautiful Decay Festival 2026;TBA - Beautiful Decay Festival ;All;https://ra.co/events/2416681
Bart Skils;2026-08-01;Colorado Charlie with Bart Skils (5hrs), Luis Ripa;Colorado Charlie;The Hague;https://ra.co/events/2460749
Bart Skils;2026-08-15;ELECTRIC HORIZON FESTIVAL 2026;Electric Horizon Festival;Baden-Württemberg;https://ra.co/events/2297667
Bart Skils;2026-09-25;Shadowprint with Bart Skils, Oliver Huntemann, Victor Ruiz, Roger Gerressen;Lofi;Amsterdam;https://ra.co/events/2448883
Joyhauser;2026-06-19;NEST;The Secret Garden;All;https://ra.co/events/2455178
Colyn;2026-06-17;MEDUZA & James Hype present OUR HOUSE;Hï Ibiza;Ibiza;https://ra.co/events/2366897
Colyn;2026-06-20;20 JUN - Thuishaven with Colyn 10HRS;Thuishaven;Amsterdam;https://ra.co/events/2384616
Colyn;2026-07-13;John Summit presents Experts Only;[UNVRS];Ibiza;https://ra.co/events/2365236
Colyn;2026-07-14;Anyma presents ÆDEN;[UNVRS];Ibiza;https://ra.co/events/2375351
Colyn;2026-08-08;Hangar invites Colyn & Stavroz (LIVE) — ON THE BEACH;TBA - KH Summercamp;All;https://ra.co/events/2449951
Colyn;2026-09-05;LIEF Festival;Strijkviertel;Utrecht;https://ra.co/events/2450489
Colyn;2026-09-15;Anyma presents ÆDEN - CLOSING PARTY;[UNVRS];Ibiza;https://ra.co/events/2375366
Sunil Sharpe;2026-07-03;QS1 x Earwiggle x DOLLHAUS;KREUZWERK;Berlin;https://ra.co/events/2447557
Sunil Sharpe;2026-10-30;Brockout x Posh End - Sunil Sharpe, Jerome Hill, Fear-E, Shadesy, Rhythm Session;Lost Horizon;Bristol;https://ra.co/events/2454491
Vera Grace;2026-06-21;Kármán x SUBVRS;De Fik Garden;Amsterdam;https://ra.co/events/2444310
Rossi;2026-06-12;Crobar Pres.: Rossi;Crobar - Buenos Aires;Buenos Aires;https://ra.co/events/2441522
Rossi;2026-06-18;Output pres. HOME//GRXWN. Showcase - OFFBCN 26;Bosc Tancat / Diverbosc;Barcelona;https://ra.co/events/2305029
Rossi;2026-06-19;Solid Grooves Barcelona;Parc del Fòrum;Barcelona;https://ra.co/events/2409874
Rossi;2026-06-20;Pepsi MAX presents Parklife 2026;Heaton Park;Manchester;https://ra.co/events/2199929
Rossi;2026-06-28;Colorado Charlie with Rossi. (4hrs), Julian Anthony (SOLD OUT);Colorado Charlie;The Hague;https://ra.co/events/2424514
Rossi;2026-07-04;Ploegendienst;De Fabriek Breda;All;https://ra.co/events/2357580
Rossi;2026-07-25;No Art Closing Festival;Flevopark;Amsterdam;https://ra.co/events/2320346
Rossi;2026-07-28;Rossi;BCM;Mallorca;https://ra.co/events/2449263
Rossi;2026-08-09;[9th Aug] ➔ FUSE x Brunch Electronik Ibiza ➔ Day + Night;528 Ibiza;Ibiza;https://ra.co/events/2419719
Rossi;2026-08-22;Rossi;Expo Lawn West;Los Angeles;https://ra.co/events/2455016
Rossi;2026-08-28;Marco Carola PRESENTS MUSIC ON;Pacha Ibiza;Ibiza;https://ra.co/events/2408458
Rossi;2026-08-29;Wooferland festival 2026;Spaarnwoude (Deelplan Houtrak);Amsterdam;https://ra.co/events/2395821
Rossi;2026-09-09;Jamie Jones Paradise;[UNVRS];Ibiza;https://ra.co/events/2365368
Rossi;2026-09-18;FUSE ➔ Malta 2026;UNO MALTA;All;https://ra.co/events/2379482
Rossi;2026-09-19;Rossi. All Day Long Street Party;TBA - Ives Rd, London E16 4Sh;London;https://ra.co/events/2449968
Rossi;2026-09-26;CRSSD Festival Fall 2026;Waterfront Park in San Diego;San Diego;https://ra.co/events/2459013
Traumer;2026-06-12;Fracture: Day Dream 2026 || Ain Sokhna Egypt;TBA - Palm Beach Ain Sokhna Egypt;All;https://ra.co/events/2460675
Traumer;2026-06-14;Pyramid Opening Party;Amnesia Ibiza;Ibiza;https://ra.co/events/2384218
Traumer;2026-06-20;OFFWEEK - The Night After w/ Joseph Capriati b2b Josh Baker;Castell de BEN Viure;Barcelona;https://ra.co/events/2358707
Traumer;2026-06-20;Life and Death x Get-traum - OFFBCN 2026;Seaseaclub Barcelona;Barcelona;https://ra.co/events/2367768
Traumer;2026-06-21;Berg Audio • OFF BCN 2026 Closing Beach Party;Hola Club Sitges (Cala Vallcarca);Barcelona;https://ra.co/events/2364302
Traumer;2026-07-05;Pyramid;Amnesia Ibiza;Ibiza;https://ra.co/events/2384224
Traumer;2026-07-09;Sundance Festival Albania 2026;Sundance Festival - Zvernec Albania;All;https://ra.co/events/2365969
Traumer;2026-07-18;La Clairière: Traumer, Salomé Le Chat, II FACES;La Clairière;Paris;https://ra.co/events/2447924
Traumer;2026-07-19;Brunch Electronik Barcelona / The Martinez Brothers, Carlita, Traumer y más;Parc de la Trinitat;Barcelona;https://ra.co/events/2461505
Traumer;2026-07-25;Sophie #4 - Jamie Jones, Traumer, Subb-an;Sophie Festival;Malaga;https://ra.co/events/2442495
Traumer;2026-07-30;Camp Summerdaze 2026 // ELEVEN;TBA - South Algonquin, Ontario ;Ontario;https://ra.co/events/2374735
Traumer;2026-07-30;Camp Summerdaze;TBA - Camp Summerdaze Montreal;Montreal;https://ra.co/events/2379121
Traumer;2026-07-30;Camp Summerdaze;TBA - Camp Summerdaze Ottawa;Ottawa;https://ra.co/events/2379127
Traumer;2026-07-30;Camp Summerdaze;TBA - Toronto;Toronto;https://ra.co/events/2379139
Traumer;2026-07-31;Teksupport: Traumer (open to close);Sunset Park Rooftop;New York City;https://ra.co/events/2412599
Traumer;2026-08-08;Watergate x Power Open Air with Traumer, dj sweet6teen, Bradley Zero, Yamour, Immy, Power Squad;SAGE;Berlin;https://ra.co/events/2391980
Traumer;2026-08-10;Iberia Eclipse Festival 2026;Riberas de la Cuerda del Pozo;East;https://ra.co/events/2339675
Benny Rodrigues;2026-06-13;Boothstock Festival 2026;Kralingse Bos;Rotterdam;https://ra.co/events/2310709
Benny Rodrigues;2026-06-13;Ohm Festival 2026;Lijm & Cultuur;All;https://ra.co/events/2365327
Benny Rodrigues;2026-06-13;Toffler presents Benny Rodrigues B2B Michel de Hey;Toffler;Rotterdam;https://ra.co/events/2418057
Benny Rodrigues;2026-06-21;Colorado Charlie with Benny Rodrigues (All Day Long) (SOLD OUT);Colorado Charlie;The Hague;https://ra.co/events/2413889
Benny Rodrigues;2026-06-27;VYBZ W/ Benny Rodrigues, Freenzy, Karim Soliman & More;Paradiso;Amsterdam;https://ra.co/events/2463132
Benny Rodrigues;2026-07-04;By the Creek 2026;Recreatiegebied Middelwaard;Utrecht;https://ra.co/events/2370055
Benny Rodrigues;2026-07-11;JOY X FLOW festival;Hembrugterrein;Amsterdam;https://ra.co/events/2351388
Benny Rodrigues;2026-07-11;Ultrasonic Festival;Maarsseveense Plassen;Utrecht;https://ra.co/events/2427539
Benny Rodrigues;2026-07-25;Stranded Festival 2026;Oranjepark;Rotterdam;https://ra.co/events/2381114
Benny Rodrigues;2026-08-01;Happy Feelings Festival - Groningen;Graanfabriek;All;https://ra.co/events/2431383
Benny Rodrigues;2026-08-15;15 AUG - Thuishaven with Benny Rodrigues 10HRS;Thuishaven;Amsterdam;https://ra.co/events/2366738
Benny Rodrigues;2026-08-21;Lowlands 2026;Lowlands Festival Site;All;https://ra.co/events/2375299
Benny Rodrigues;2026-08-29;Duikboot Festival;Asterdplas;All;https://ra.co/events/2385645
Benny Rodrigues;2026-08-29;SLPFNK - 15 YEAR AMS TOUR BIRTHDAY WEEKENDER PT1 - Lofi;Lofi;Amsterdam;https://ra.co/events/2458317
De Sluwe Vos;2026-07-24;De Sluwe Vos • Danielle;Radio Radio;Amsterdam;https://ra.co/events/2466408
De Sluwe Vos;2026-08-07;Het Systeem;TBA - Deventer Outdoor | Molbergsweg 3c ;Amsterdam;https://ra.co/events/2363397
X CLUB.;2026-06-20;Red Bull Midsummer Berlin;Kalle Rooftop Neukölln;Berlin;https://ra.co/events/2427927
X CLUB.;2026-06-26;Ženy Víno Funk;Pezinské Vinohrady;All;https://ra.co/events/2464909
X CLUB.;2026-06-27;Mondo OPEN AIR #05: KETTAMA / X CLUB / Gerardo Niva / KIM SWIM;Mondo Open Air;Madrid;https://ra.co/events/2408026
X CLUB.;2026-06-27;AFTERPARTY: X CLUB / Gerardo Niva B2B KIM SWIM / doccudder;Mondo;Madrid;https://ra.co/events/2408058
X CLUB.;2026-07-11;Montreux Jazz Festival 2026 - Week 2;Montreux Music & Convention Center;All;https://ra.co/events/2412593
X CLUB.;2026-07-13;KETTAMA presents Steel City;Amnesia Ibiza;Ibiza;https://ra.co/events/2364672
X CLUB.;2026-07-16;X CLUB, Juicy Romance, Valrik;Trädgården;Stockholm;https://ra.co/events/2409153
X CLUB.;2026-07-18;Club Inferno;La Terrrazza;Barcelona;https://ra.co/events/2465185
X CLUB.;2026-07-31;Sammy Virji;Brooklyn Army Terminal;New York City;https://ra.co/events/2370382
X CLUB.;2026-08-07;Elements Music & Arts Festival;Pocono Raceway;Pennsylvania;https://ra.co/events/2352799
X CLUB.;2026-08-08;Routine: X Club;Substation;Seattle;https://ra.co/events/2438055
X CLUB.;2026-08-20;TELETECH X CABARET VERT FESTIVAL;TBA - charleville-mézières;North;https://ra.co/events/2408183
X CLUB.;2026-08-22;AOS FESTIVAL 2026;Phoxxi Green Area;Hamburg;https://ra.co/events/2343654
X CLUB.;2026-09-20;X CLUB. present HIDE THE JUNK;The Cause;London;https://ra.co/events/2454626
X CLUB.;2026-10-03;X-Club. & Deetron;KALT;Strasbourg;https://ra.co/events/2457229
Jensen Interceptor;2026-06-19;Janina presents Triplevisions ;Village Underground Barcelona;Barcelona;https://ra.co/events/2420411
Jensen Interceptor;2026-07-04;KLUB CAMINA [Bitter Babe, Clementaum, Jensen Interceptor &+];Karmen Camina;Strasbourg;https://ra.co/events/2463873
Jensen Interceptor;2026-07-05;ARENA VS OUCH;OXI;Berlin;https://ra.co/events/2453667
Jensen Interceptor;2026-11-12;Labirintas 2026;TBA - Vilnius;Vilnius;https://ra.co/events/2388817
LOLSNAKE;2026-06-11;weeeirdos;Berghain | Panorama Bar | Säule;Berlin;https://ra.co/events/2436428
LOLSNAKE;2026-06-12;WEEEIRDOS with Chippy Nonstop, LOLSNAKE and Neri J;Den Anden Side;Copenhagen;https://ra.co/events/2451095
LOLSNAKE;2026-06-20;Klubnacht;Berghain | Panorama Bar | Säule;Berlin;https://ra.co/events/2436493
LOLSNAKE;2026-06-27;Closer Milano Pride Amelia /// Fixon - LOLSNAKE - Yonti - Rorschack b2b Yamila;Circolo Amelia;Milan;https://ra.co/events/2462618
LOLSNAKE;2026-07-04;SEXTOU TURNS II - 2 YEAR ANNIVERSARY;NUMBER 90 LONDON;London;https://ra.co/events/2448184
LOLSNAKE;2026-07-11;Pornceptual: COCKO, Kandelissa , LOLSNAKE, Spacer Woman;Virage;Paris;https://ra.co/events/2442122
LOLSNAKE;2026-07-12;Jeton presents Klangkuenstler;Life Park;Istanbul;https://ra.co/events/2419290
LOLSNAKE;2026-07-24;Muse Festival 2026;TBA - BALZAQ PALACE;All;https://ra.co/events/2400928
LOLSNAKE;2026-09-25;RAVE AURORA 4 x LOLSNAKE (Berghain, Weeeirdos);Laska V21;Riga;https://ra.co/events/2448071
PAWSA;2026-06-12;GOLFOS Lisboa - Dennis Cruz B2B PAWSA;TBA;Lisbon;https://ra.co/events/2434898
PAWSA;2026-06-19;THE BEACH;Lido Ascona;All;https://ra.co/events/2324150
PAWSA;2026-07-04;SONA presents: PAWSA In The Park;Havenpark;Amsterdam;https://ra.co/events/2412656
PAWSA;2026-07-11;Solid Grooves Valencia;Marina Sur;Valencia;https://ra.co/events/2462677
PAWSA;2026-07-24;Marco Carola PRESENTS MUSIC ON;Pacha Ibiza;Ibiza;https://ra.co/events/2408441
PAWSA;2026-09-05;Solid Grooves New York;Fulton Fish Market - Hunts Point;New York City;https://ra.co/events/2436579
PAWSA;2026-11-21;Dennis Cruz B3B Michael Bibi B3B PAWSA & MORE ARTISTS [SOLID GROOVES] - by FLAMA, ARENA NORTE;TBA - Arena Norte, Nuñez;Buenos Aires;https://ra.co/events/2434107
Yazzus;2026-06-27;Mala Junta 8th Anniversary;RSO.BERLIN;Berlin;https://ra.co/events/2460008
Yazzus;2026-07-04;Cuddles Summer Special [24 hours];ÆDEN;Berlin;https://ra.co/events/2340864
Yazzus;2026-07-24;Ickpa 2026;Dovzhenko Film Studio;Kyiv;https://ra.co/events/2415101
Yazzus;2026-07-31;RAUM invites Mala Junta;CLUB RAUM;Amsterdam;https://ra.co/events/2440419
Lucia Lu;2026-06-25;BLACK OWLS;ÆDEN;Berlin;https://ra.co/events/2452516
Max Cooper;2026-07-09;Max Cooper (Live AV) - Montréal;Fairmount Theatre;Montreal;https://ra.co/events/2442456
Max Cooper;2026-07-16;Max Cooper – 3D/AV Live – Feeling Is Structure Tour [Thursday Show];Gray Area;San Francisco/Oakland;https://ra.co/events/2448613
Max Cooper;2026-07-17;Max Cooper – 3D/AV Live – Feeling Is Structure Tour [Friday Show];Gray Area;San Francisco/Oakland;https://ra.co/events/2448616
Max Cooper;2026-07-18;Max Cooper 3D/AV Live - Feeling Is Structure Tour;Belasco Theater;Los Angeles;https://ra.co/events/2460227
Max Cooper;2026-07-19;Max Cooper - 3D/AV Live - Feeling Is Structure Tour - WARPXX;TBA;Mexico City;https://ra.co/events/2441947
Max Cooper;2026-07-24;Max Cooper;Haus der Visionäre;Berlin;https://ra.co/events/2457149
Max Cooper;2026-09-24;PLISSKËN presents Jeff Mills' TOMORROW COMES THE HARVEST;Vrachon Theater;Athens;https://ra.co/events/2431902
Max Cooper;2026-10-09;No Bounds Festival 2026;TBA - Multiple Venues across Sheffield & Rotherham;North;https://ra.co/events/2282278
Max Cooper;2026-11-06;Mira Festival 2026;Fira Barcelona;Barcelona;https://ra.co/events/2431595
Perc;2026-06-13;Perc / Creams b2b Markus / Elle Dee / Ouissam / The Carry Nation / Karim Olen Ash;BASEMENT;New York City;https://ra.co/events/2435728
Perc;2026-06-18;Infra presents: Perc & Sapera;TBA;Boston;https://ra.co/events/2447595
Perc;2026-06-19;Tekunomama present Perc + Ma Haiping +Kyle Kerns;TBA - Denver;Denver;https://ra.co/events/2419113
Perc;2026-06-20;DISCØNNECT: Perc;TBA - 1609 East Jackson Street, Phoenix, AZ 85034, USA;Phoenix;https://ra.co/events/2438926
Perc;2026-06-26;CONNECT, BODYHEAT PRESENTS: Perc;F8 1192 Folsom;San Francisco/Oakland;https://ra.co/events/2412755
Perc;2026-06-27;Perc (Industrial set);Catch One;Los Angeles;https://ra.co/events/2465759
Perc;2026-07-02;Astropolis - 30 ans;TBA - Brest (Various venues);West;https://ra.co/events/2386580
Perc;2026-07-18;boost+++ xxl - day one;Union Park;Chicago;https://ra.co/events/2464615
Perc;2026-07-23;Groove & Bass Festival 2026 - 5th Anniversary Edition;Paradise Leisure Park;Quebec City;https://ra.co/events/2258780
Perc;2026-07-31;Tresor meets Perc Trax;Tresor / Globus;Berlin;https://ra.co/events/2456382
Perc;2026-08-01;Intercell Industrial Night;Levenslang Amsterdam;Amsterdam;https://ra.co/events/2465506
Perc;2026-08-08;Perc x Turbo;OIL Club;Shenzhen;https://ra.co/events/2447532
Laura van Hal;2026-06-13;OFF TRACK FSTVL #1 pwrd by MAATWERK;Viaductstraat Wondelgem;All;https://ra.co/events/2428588
Laura van Hal;2026-07-09;BINÄR;Berghain | Panorama Bar | Säule;Berlin;https://ra.co/events/2449879
Megan Leber;2026-07-11;GRÜV x RADION;RADION;Amsterdam;https://ra.co/events/2447829
Cybersex;2026-06-13;Cybersex All Day Long;BRET;Amsterdam;https://ra.co/events/2409409
Cybersex;2026-06-14;De Reünie;Yellow House;Amsterdam;https://ra.co/events/2458192
Cybersex;2026-07-04;EXTENDED PRIDE: Patrick Mason / Cybersex / Gerardo Niva / FUKCNORMAL B2B doccudder;Mondo;Madrid;https://ra.co/events/2444948
Cybersex;2026-08-01;Teletech FESTIVAL 2026;Bowlers Exhibition Centre;Manchester;https://ra.co/events/2233105
Slimfit;2026-06-13;Tropikali Festival 2026;Ndsm Wharf;Amsterdam;https://ra.co/events/2351137
Slimfit;2026-06-19;LATIN DIASPORA;Skatecafe;Amsterdam;https://ra.co/events/2458495
Slimfit;2026-06-26;TAYHANA, Slimfit + bar40 Hosted by Traviesa with DelFuturo, justin case;Garage Noord;Amsterdam;https://ra.co/events/2442485
Slimfit;2026-06-27;OWN Your Pride;Kaiku;Helsinki;https://ra.co/events/2460681
Slimfit;2026-07-04;PRNCPTL DOES AMSTERDAM - DAY & NIGHT;Lofi;Amsterdam;https://ra.co/events/2415556
Slimfit;2026-07-25;RAUM invites NightClubbing;CLUB RAUM;Amsterdam;https://ra.co/events/2440414
Slimfit;2026-08-01;BASIS Outdoor/ 2026;Beton-T;Utrecht;https://ra.co/events/2400580
Slimfit;2026-08-01;Madam by Night invites: Kult Funktion;Madam;Amsterdam;https://ra.co/events/2456898
